[
  {
    "question": "Which drawing type shows a vertical cut through a building?",
    "choices": [
      "Plan",
      "Elevation",
      "Section",
      "Site Plan"
    ],
    "answer": "Section",
    "category": "Representation"
  },
  {
    "question": "Higher R-value means\u2026",
    "choices": [
      "Better insulation",
      "Worse insulation",
      "More thermal bridging",
      "Lower airtightness"
    ],
    "answer": "Better insulation",
    "category": "Building Science"
  },
  {
    "question": "An egress route is primarily concerned with\u2026",
    "choices": [
      "Acoustics",
      "Emergency exit",
      "Daylighting",
      "Waterproofing"
    ],
    "answer": "Emergency exit",
    "category": "Codes & Safety"
  },
  {
    "question": "What do zoning setbacks control?",
    "choices": [
      "Facade materials",
      "Property boundary offsets",
      "Roof slope",
      "Window-to-wall ratio"
    ],
    "answer": "Property boundary offsets",
    "category": "Planning"
  },
  {
    "question": "A cantilever is supported at\u2026",
    "choices": [
      "Both ends",
      "The middle",
      "One end",
      "Three points"
    ],
    "answer": "One end",
    "category": "Structure"
  },
  {
    "question": "BIM stands for\u2026",
    "choices": [
      "Building Information Modeling",
      "Building Interior Model",
      "Basic Integration Map",
      "Binary Infrastructure Model"
    ],
    "answer": "Building Information Modeling",
    "category": "Software"
  },
  {
    "question": "Thermal bridges\u2026",
    "choices": [
      "Increase heat loss",
      "Decrease heat loss",
      "Have no effect",
      "Only occur on roofs"
    ],
    "answer": "Increase heat loss",
    "category": "Building Science"
  },
  {
    "question": "Adaptive reuse typically\u2026",
    "choices": [
      "Increases embodied carbon",
      "Reduces embodied carbon",
      "Has no carbon impact",
      "Only applies to industrial buildings"
    ],
    "answer": "Reduces embodied carbon",
    "category": "Sustainability"
  },
  {
    "question": "A datum is used to\u2026",
    "choices": [
      "Decorate facades",
      "Organize geometry",
      "Calculate budgets",
      "Ventilate spaces"
    ],
    "answer": "Organize geometry",
    "category": "Design"
  },
  {
    "question": "Program refers to\u2026",
    "choices": [
      "Furniture style",
      "Spatial requirements",
      "HVAC sizing",
      "Window schedule"
    ],
    "answer": "Spatial requirements",
    "category": "Design Process"
  }
]