[
  {
    "term": "Egress",
    "definition": "A path or opening for safe exit from a building in case of emergency.",
    "category": "Codes & Safety",
    "context": "Determines corridor widths, door swing, and stair sizing; critical for approvals."
  },
  {
    "term": "R-Value",
    "definition": "A measure of thermal resistance; higher R-values mean better insulation.",
    "category": "Building Science",
    "context": "Impacts energy efficiency, comfort, and code compliance for envelopes."
  },
  {
    "term": "Setback",
    "definition": "The minimum distance a building must be from property boundaries.",
    "category": "Planning",
    "context": "Affects buildable area and massing; check local zoning maps."
  },
  {
    "term": "Cantilever",
    "definition": "A projecting structural element supported only at one end.",
    "category": "Structure",
    "context": "Used for balconies, overhangs, dramatic forms; requires careful detailing."
  },
  {
    "term": "Program",
    "definition": "A list of spatial requirements and relationships that a design must satisfy.",
    "category": "Design Process",
    "context": "The foundation of design briefs; guides area schedules and adjacency diagrams."
  },
  {
    "term": "Section",
    "definition": "A drawing that cuts vertically through a building to show interior relationships.",
    "category": "Representation",
    "context": "Clarifies heights, levels, and structure; pairs with plans and elevations."
  },
  {
    "term": "Thermal Bridge",
    "definition": "A path of least thermal resistance that allows heat to bypass insulation.",
    "category": "Building Science",
    "context": "Detail with continuous insulation, thermal breaks, and decoupled structure."
  },
  {
    "term": "BIM",
    "definition": "Building Information Modeling \u2014 a digital representation of a facility's physical and functional characteristics.",
    "category": "Software",
    "context": "Tools: Revit, ArchiCAD; enables collaboration, quantity takeoffs, clash detection."
  },
  {
    "term": "Adaptive Reuse",
    "definition": "Repurposing existing buildings for new uses while retaining their historic features.",
    "category": "Sustainability",
    "context": "Lower embodied carbon and costs compared to new construction."
  },
  {
    "term": "Datum",
    "definition": "A reference line, plane, or point used to organize geometry and align elements.",
    "category": "Design",
    "context": "Grids, floor levels, and elevation benchmarks are common datums."
  }
]